schid,pup_pop,zoneid,z_inf98,distlake,latr_pup,mk96_s,z9899_78,z9899_34,z9899_56,wgrp,sch1_1km_original,sch2_1km_original,sch3_1km_original,schT_1km_original,pop1_1km_original,pop2_1km_original,pop3_1km_original,popT_1km_original,sch1_2km_original,sch2_2km_original,sch3_2km_original,schT_2km_original,pop1_2km_original,pop2_2km_original,pop3_2km_original,popT_2km_original,sch1_3km_original,sch2_3km_original,sch3_3km_original,schT_3km_original,pop1_3km_original,pop2_3km_original,pop3_3km_original,popT_3km_original,sch1_4km_original,sch2_4km_original,sch3_4km_original,schT_4km_original,pop1_4km_original,pop2_4km_original,pop3_4km_original,popT_4km_original,sch1_5km_original,sch2_5km_original,sch3_5km_original,schT_5km_original,pop1_5km_original,pop2_5km_original,pop3_5km_original,popT_5km_original,sch1_6km_original,sch2_6km_original,sch3_6km_original,schT_6km_original,pop1_6km_original,pop2_6km_original,pop3_6km_original,popT_6km_original,sch1_36k_original,sch2_36k_original,sch3_36k_original,schT_36k_original,pop1_36k_original,pop2_36k_original,pop3_36k_original,popT_36k_original,schT_1km_updated,popT_1km_updated,schT_2km_updated,popT_2km_updated,schT_3km_updated,popT_3km_updated,schT_4km_updated,popT_4km_updated,schT_5km_updated,popT_5km_updated,schT_6km_updated,popT_6km_updated,sch1_1km_updated,pop1_1km_updated,sch1_2km_updated,pop1_2km_updated,sch1_3km_updated,pop1_3km_updated,sch1_4km_updated,pop1_4km_updated,sch1_5km_updated,pop1_5km_updated,sch1_6km_updated,pop1_6km_updated,sch2_1km_updated,pop2_1km_updated,sch2_2km_updated,pop2_2km_updated,sch2_3km_updated,pop2_3km_updated,sch2_4km_updated,pop2_4km_updated,sch2_5km_updated,pop2_5km_updated,sch2_6km_updated,pop2_6km_updated,sch3_1km_updated,pop3_1km_updated,sch3_2km_updated,pop3_2km_updated,sch3_3km_updated,pop3_3km_updated,sch3_4km_updated,pop3_4km_updated,sch3_5km_updated,pop3_5km_updated,sch3_6km_updated,pop3_6km_updated,schT_36k_updated,popT_36k_updated,sch1_36k_updated,pop1_36k_updated,sch2_36k_updated,pop2_36k_updated,sch3_36k_updated,pop3_36k_updated
108,531,4,.5090909,2.964,.0056497175,-.51436818,.5,.82352942,.79591835,3,0,0,0,0,0,0,0,0,0,0,0,0,0,0,0,0,0,1,1,2,0,527.54071,81.548676,609.08936,0,1,1,2,0,527.54071,81.548676,609.08936,0,2,1,3,0,763.31287,81.548676,844.86157,0,3,2,5,0,1347.4609,671.92059,2019.3816,0,2,1,3,0,819.92023,590.37195,1410.2922,0,0,0,0,2,609.08942,2,609.08942,3,844.86163,5,2019.3815,0,0,0,0,0,0,0,0,0,0,0,0,0,0,0,0,1,527.54071,1,527.54071,2,763.31293,3,1347.4609,0,0,0,0,1,81.548683,1,81.548683,1,81.548683,2,671.92059,3,1410.2922,0,0,2,819.92023,1,590.37189
109,603,3,.39583334,8.4139996,.0016583748,.64825106,.32380953,.53797466,.42105263,2,0,0,0,0,0,0,0,0,1,0,0,1,272.07755,0,0,272.07755,4,0,0,4,1344.517,0,0,1344.517,4,0,0,4,1344.517,0,0,1344.517,5,0,3,8,1856.0525,0,1109.3173,2965.3696,5,0,3,8,1856.0525,0,1109.3173,2965.3696,1,0,3,4,511.53552,0,1109.3173,1620.8527,0,0,1,272.07751,4,1344.5168,6,2289.9011,9,3471.2422,9,3471.2422,0,0,1,272.07751,4,1344.5168,5,1856.0524,5,1856.0524,5,1856.0524,0,0,0,0,0,0,0,0,1,505.8725,1,505.8725,0,0,0,0,0,0,1,433.84879,3,1109.3174,3,1109.3174,5,2126.7251,1,511.53552,1,505.8725,3,1109.3174
115,560,1,.27247956,6.605,.0035714286,-.43559179,.21428572,.42292491,.3018868,1,0,0,0,0,0,0,0,0,0,0,0,0,0,0,0,0,2,1,0,3,627.55469,392.33334,0,1019.8881,2,2,0,4,627.55469,898.09528,0,1525.6499,3,2,0,5,1110.2604,898.09528,0,2008.3557,3,2,0,5,1110.2604,898.09528,0,2008.3557,1,1,0,2,482.70569,505.76193,0,988.46765,0,0,1,609.84558,5,2088.4619,8,3281.8896,15,5615.502,16,6075.6392,0,0,0,0,2,627.55469,3,1110.2604,4,1394.3888,4,1394.3888,0,0,0,0,1,392.33331,2,898.09521,4,1799.0044,5,2259.1416,0,0,1,609.84558,2,1068.574,3,1273.5339,7,2422.1089,7,2422.1089,11,3987.1772,2,766.83411,4,1866.8083,5,1353.5349
116,526,5,.38425925,1.798,.0057034222,.0072243139,.43137255,.52222222,.48076922,2,0,0,0,0,0,0,0,0,0,1,0,1,0,228.76282,0,228.76282,1,2,1,4,376.59109,734.52472,292.07767,1403.1935,1,3,2,6,376.59109,821.3819,508.67142,1706.6444,2,3,4,9,775.60626,821.3819,1577.2454,3174.2334,3,3,5,11,1282.1852,821.3819,2011.0942,4114.6611,2,1,4,7,905.59412,86.857178,1719.0166,2711.4678,0,0,1,228.7628,4,1403.1936,7,2316.49,9,3174.2334,11,4114.6611,0,0,0,0,1,376.59109,1,376.59109,2,775.60632,3,1282.1852,0,0,1,228.7628,2,734.52472,3,821.38184,3,821.38184,3,821.38184,0,0,0,0,1,292.0777,3,1118.5171,4,1577.2454,5,2011.0941,7,2711.468,2,905.59412,1,86.857117,4,1719.0164
117,244,5,.38425925,9.0579996,.0081967209,-1.3017366,.43137255,.52222222,.48076922,1,0,0,0,0,0,0,0,0,0,0,0,0,0,0,0,0,1,2,1,4,203.64944,1020.106,168.43285,1392.1884,3,2,2,7,1130.3392,1020.106,602.28162,2752.7268,4,2,2,8,1380.5938,1020.106,602.28162,3002.9814,4,4,3,11,1380.5938,1423.2489,793.24713,3597.0898,3,2,2,7,1176.9443,403.14288,624.81427,2204.9014,0,0,0,0,4,1392.1882,7,2752.7268,8,3002.9814,11,3597.0898,0,0,0,0,1,203.6494,3,1130.3391,4,1380.5936,4,1380.5936,0,0,0,0,2,1020.106,2,1020.106,2,1020.106,4,1423.2488,0,0,0,0,1,168.4328,2,602.28162,2,602.28162,3,793.24707,7,2204.9014,3,1176.9442,2,403.14276,2,624.81427
118,566,5,.38425925,10.423,.0035335689,.20428106,.43137255,.52222222,.48076922,2,0,0,0,0,0,0,0,0,0,0,0,0,0,0,0,0,2,0,1,3,464.43231,0,168.43285,632.86517,2,0,2,4,464.43231,0,359.39835,823.83069,3,2,3,8,668.08179,830.51923,793.24713,2291.8481,5,3,3,11,1594.7716,1124.2423,793.24713,3512.261,3,3,2,8,1130.3394,1124.2423,624.81427,2879.3958,0,0,0,0,3,632.86511,5,1140.1163,8,2291.8479,13,4053.999,0,0,0,0,2,464.43231,2,464.43231,3,668.08173,5,1594.7714,0,0,0,0,0,0,1,316.28571,2,830.51923,3,1124.2424,0,0,0,0,1,168.4328,2,359.39832,3,793.24707,5,1334.9851,10,3421.134,3,1130.3391,3,1124.2424,4,1166.5522
119,675,6,.41836736,11.711,.002962963,.20533262,.40944883,.52459013,.45945945,2,1,0,0,1,284.12845,0,0,284.12845,2,0,1,3,766.83411,0,204.95999,971.79407,4,0,1,5,1548.9639,0,204.95999,1753.9238,5,0,2,7,1682.5433,0,536.19147,2218.7349,7,1,3,11,2462.7263,392.33334,850.95081,3706.0105,7,1,3,11,2462.7263,392.33334,850.95081,3706.0105,3,1,2,6,913.76245,392.33334,645.99084,1952.0867,1,284.12839,3,971.79413,5,1753.9238,8,2533.4939,12,4212.5889,15,5061.3198,1,284.12839,2,766.83411,4,1548.9639,5,1682.5432,8,2969.3049,9,3284.1218,0,0,0,0,0,0,0,0,1,392.33331,1,392.33331,0,0,1,204.96001,1,204.96001,3,850.95068,3,850.95068,5,1384.8649,10,3307.3962,5,1735.158,1,392.33331,4,1179.9049
133,14,3,.39583334,,,-.82672077,.32380953,.53797466,.42105263,2,0,0,0,0,0,0,0,0,1,0,0,1,291.09415,0,0,291.09415,1,2,0,3,291.09415,1250.7385,0,1541.8326,2,2,2,6,846.81714,1250.7385,809.74695,2907.3027,3,4,4,11,1224.0454,1815.8831,1596.1967,4636.125,3,4,4,11,1224.0454,1815.8831,1596.1967,4636.125,2,2,4,8,932.95129,565.14453,1596.1967,3094.2925,0,0,1,291.09409,3,1541.833,8,3693.7527,15,6202.9448,17,7314.6338,0,0,1,291.09409,1,291.09409,2,846.81714,5,1933.3715,5,1933.3715,0,0,0,0,2,1250.739,2,1250.739,4,1815.8837,6,2927.5723,0,0,0,0,0,0,4,1596.1968,6,2453.6897,6,2453.6897,14,5772.8008,4,1642.2773,4,1676.8333,6,2453.6897
134,15,3,.39583334,5.5830002,,-.76125419,.32380953,.53797466,.42105263,2,0,0,0,0,0,0,0,0,0,0,1,1,0,0,219.375,219.375,2,1,1,4,1067.2584,14,219.375,1300.6334,4,1,3,8,1556.1432,14,1192.6472,2762.7905,4,2,4,10,1556.1432,1250.0415,1583.9034,4390.0879,4,2,5,11,1556.1432,1250.0415,1863.3175,4669.502,2,1,4,7,488.88477,1236.0415,1643.9425,3368.8687,0,0,1,219.375,4,1300.6334,8,2762.7905,10,4390.0884,14,5767.7251,0,0,0,0,2,1067.2584,4,1556.1432,4,1556.1432,5,1828.2207,0,0,0,0,1,14,1,14,2,1250.042,3,1485.8142,0,0,1,219.375,1,219.375,3,1192.6473,4,1583.9034,6,2453.6897,10,4467.0908,3,760.96228,2,1471.8142,5,2234.3147
140,509,1,.27247956,6.427,.0058939094,.41114995,.21428572,.42292491,.3018868,3,0,0,0,0,0,0,0,0,0,0,0,0,0,0,0,0,2,2,2,6,751.37897,708.61908,826.43933,2286.4375,2,3,4,9,751.37897,1214.381,1443.6611,3409.4211,4,3,4,11,1384.3882,1214.381,1443.6611,4042.4302,4,3,4,11,1384.3882,1214.381,1443.6611,4042.4302,2,1,2,5,633.00922,505.7619,617.2218,1755.9927,0,0,0,0,6,2286.437,9,3409.4211,15,5095.1489,20,6627.0205,0,0,0,0,2,751.37891,2,751.37891,4,1384.3882,5,1867.0938,0,0,0,0,2,708.61902,3,1214.3809,5,1761.3752,7,2171.7327,0,0,0,0,2,826.43939,4,1443.6613,6,1949.386,8,2588.1948,14,4340.584,3,1115.7148,5,1463.1136,6,1761.7554
141,448,8,.22068965,20.502001,.0044642859,.89688855,.23376623,.31654677,.22105263,2,0,1,0,1,0,184.9617,0,184.9617,0,2,0,2,0,452.67099,0,452.67099,1,3,2,6,323.33856,722.79901,770.30603,1816.4436,1,3,4,8,323.33856,722.79901,1206.5162,2252.6538,3,3,5,11,1058.1715,722.79901,1545.4814,3326.4519,3,3,5,11,1058.1715,722.79901,1545.4814,3326.4519,2,0,3,5,734.83295,0,775.17542,1510.0083,1,184.9617,2,452.67099,6,1816.4435,8,2252.6536,12,3549.3677,16,4932.4048,0,0,0,0,1,323.33859,1,323.33859,4,1281.0876,5,1816.4706,1,184.9617,2,452.67099,3,722.79895,3,722.79895,3,722.79895,6,1570.4534,0,0,0,0,2,770.30603,4,1206.5162,5,1545.4813,5,1545.4813,10,3115.9617,4,1493.132,3,847.65442,3,775.17529
142,272,1,.27247956,8.4799995,.011029412,.7282151,.21428572,.42292491,.3018868,1,0,1,0,1,0,392.33334,0,392.33334,0,1,0,1,0,392.33334,0,392.33334,2,1,3,6,889.33368,392.33334,1098.632,2380.2991,3,2,5,10,1372.0393,708.61908,1913.4375,3994.0959,3,3,5,11,1372.0393,890.21356,1913.4375,4175.6904,3,3,5,11,1372.0393,890.21356,1913.4375,4175.6904,1,2,2,5,482.70563,497.88022,814.80554,1795.3914,1,392.33331,1,392.33331,6,2380.2991,10,3994.0959,17,6208.0171,19,6708.8647,0,0,0,0,2,889.33362,3,1372.0393,5,1906.4221,5,1906.4221,1,392.33331,1,392.33331,1,392.33331,2,708.61902,5,1980.5989,5,1980.5989,0,0,0,0,3,1098.6318,5,1913.4374,7,2320.9966,9,2821.8445,13,4328.5664,3,1017.0885,4,1588.2656,6,1723.2126
143,348,8,.22068965,19.381001,.0057471264,-.48919421,.23376623,.31654677,.22105263,1,0,0,0,0,0,0,0,0,0,1,1,2,0,270.12799,219.77304,489.90103,2,3,2,7,537.73297,860.37781,436.2103,1834.321,2,5,4,11,537.73297,1594.0568,1206.5162,3338.3059,2,5,4,11,537.73297,1594.0568,1206.5162,3338.3059,2,5,4,11,537.73297,1594.0568,1206.5162,3338.3059,0,2,2,4,0,733.67896,770.30591,1503.9849,0,0,2,489.901,7,1834.321,11,3338.3057,12,3471.8853,14,4406.6431,0,0,0,0,2,537.73303,2,537.73303,3,671.3125,5,1606.0703,0,0,1,270.12799,3,860.37781,5,1594.0566,5,1594.0566,5,1594.0566,0,0,1,219.77299,2,436.21021,4,1206.5162,4,1206.5162,4,1206.5162,7,2572.3223,3,1068.3373,2,733.67883,2,770.30603
144,231,6,.41836736,13.875,.0086580086,-.15339896,.40944883,.52459013,.45945945,3,0,0,0,0,0,0,0,0,1,0,0,1,136.56757,0,0,136.56757,2,1,0,3,671.95044,181.59448,0,853.54492,2,1,1,4,671.95044,181.59448,314.75934,1168.3042,3,2,4,9,1091.9666,475.31757,1299.1016,2866.3857,4,2,5,11,1574.6722,475.31757,1504.0616,3554.0515,2,1,5,8,902.7218,293.72308,1504.0616,2700.5066,0,0,1,136.5676,3,853.54492,4,1168.3042,9,2866.3857,17,5518.6108,0,0,1,136.5676,2,671.95044,2,671.95044,3,1091.9666,6,2103.6006,0,0,0,0,1,181.5945,1,181.5945,2,475.31763,5,1719.9836,0,0,0,0,0,0,1,314.75931,4,1299.1016,6,1695.0271,14,4665.0664,4,1431.6501,4,1538.3892,6,1695.0271
158,210,2,.53264606,7.415,.014285714,-.28349531,.4296875,.755,.63218391,1,0,0,0,0,0,0,0,0,1,0,1,2,555.72296,0,466.23657,1021.9595,1,0,2,3,555.72296,0,685.61157,1241.3345,1,1,2,4,555.72296,14.696969,685.61157,1256.0315,3,2,2,7,1358.3525,28.69697,685.61157,2072.6611,3,2,2,7,1358.3525,28.69697,685.61157,2072.6611,2,2,0,4,802.62958,28.69697,0,831.32666,0,0,2,1021.9596,3,1241.3346,4,1256.0316,7,2072.6611,7,2072.6611,0,0,1,555.72302,1,555.72302,1,555.72302,3,1358.3525,3,1358.3525,0,0,0,0,0,0,1,14.69697,2,28.69697,2,28.69697,0,0,1,466.2366,2,685.61157,2,685.61157,2,685.61157,2,685.61157,4,831.32648,2,802.62952,2,28.69697,0,0
164,428,1,.27247956,9.2130003,.004672897,.093832403,.21428572,.42292491,.3018868,2,0,1,0,1,0,392.33334,0,392.33334,0,1,0,1,0,392.33334,0,392.33334,2,1,3,6,889.33368,392.33334,1098.632,2380.2991,3,2,5,10,1372.0393,708.61908,1913.4375,3994.0959,3,3,5,11,1372.0393,890.21356,1913.4375,4175.6904,3,3,5,11,1372.0393,890.21356,1913.4375,4175.6904,1,2,2,5,482.70563,497.88022,814.80554,1795.3914,1,244.8,1,244.8,6,2232.7654,10,3846.5627,17,6060.4844,19,6561.332,1,244.8,1,244.8,3,1134.1335,4,1616.8394,6,2151.2222,6,2151.2222,0,0,0,0,0,0,1,316.28571,4,1588.2654,4,1588.2654,0,0,0,0,3,1098.6318,5,1913.4374,7,2320.9966,9,2821.8445,13,4328.5664,3,1017.0886,4,1588.2654,6,1723.2126
165,251,8,.22068965,18.304001,.0039840639,-.60012811,.23376623,.31654677,.22105263,1,0,0,0,0,0,0,0,0,0,1,0,1,0,465.96957,0,465.96957,2,1,1,4,638.15546,465.96957,219.77304,1323.8981,2,2,2,6,638.15546,736.0976,436.2103,1810.4634,4,4,2,10,1171.11,1326.3474,436.2103,2933.6677,4,4,3,11,1171.11,1326.3474,886.28333,3383.7407,2,3,2,7,532.95453,860.37781,666.51025,2059.8428,0,0,1,465.9696,4,1323.8981,7,1944.0427,10,2933.6675,13,3971.6826,0,0,0,0,2,638.15552,3,771.73499,4,1171.11,4,1171.11,0,0,1,465.9696,1,465.9696,2,736.0976,4,1326.3474,5,1594.0566,0,0,0,0,1,219.77299,2,436.21021,2,436.21021,4,1206.5162,9,2647.7847,2,532.95447,4,1128.087,3,986.74323
166,516,6,.41836736,18.815001,.003875969,.35710931,.40944883,.52459013,.45945945,2,0,0,0,0,0,0,0,0,1,0,0,1,222.91608,0,0,222.91608,1,0,1,2,222.91608,0,219.77304,442.68912,3,0,2,5,861.07153,0,436.2103,1297.2819,4,1,2,7,994.65106,270.12799,436.2103,1700.9894,5,3,3,11,1394.026,860.37781,886.28333,3140.687,4,3,2,9,1171.1099,860.37781,666.51025,2697.9978,0,0,1,222.91611,2,442.68909,6,1567.4097,7,1700.9893,11,3140.687,0,0,1,222.91611,1,222.91611,3,861.07159,4,994.65112,5,1394.0261,0,0,0,0,0,0,1,270.12799,1,270.12799,3,860.37781,0,0,0,0,1,219.77299,2,436.21021,2,436.21021,3,886.2832,9,2697.998,4,1171.11,3,860.37781,2,666.51019
167,675,1,.27247956,5.0840001,.0059259259,.16520551,.21428572,.42292491,.3018868,3,0,0,0,0,0,0,0,0,1,1,0,2,506.57895,505.7619,0,1012.3408,1,1,1,3,506.57895,505.7619,458.72839,1471.0692,2,2,3,7,751.37897,898.09528,967.39978,2616.874,3,5,3,11,1134.1337,1903.281,967.39978,4004.8145,3,5,3,11,1134.1337,1903.281,967.39978,4004.8145,2,4,2,8,627.55469,1397.519,508.67139,2533.7451,0,0,2,1012.3408,3,1471.0692,9,3459.7656,11,4004.814,17,5795.8315,0,0,1,506.57889,1,506.57889,3,1134.1335,3,1134.1335,5,1993.4304,0,0,1,505.7619,1,505.7619,3,1358.2324,5,1903.281,6,1990.1382,0,0,0,0,1,458.72839,3,967.3999,3,967.3999,6,1812.2633,14,4324.7622,4,1486.8516,5,1484.3762,5,1353.5349
168,243,8,.22068965,20.502001,.012345679,-.14201903,.23376623,.31654677,.22105263,3,0,0,0,0,0,0,0,0,0,0,1,1,0,0,219.77304,219.77304,1,0,2,3,323.33856,0,669.84607,993.18463,2,4,2,8,546.25464,1326.3474,669.84607,2542.4482,3,5,2,10,861.07153,1594.0568,669.84607,3124.9744,3,5,3,11,861.07153,1594.0568,990.07904,3445.2073,2,5,1,8,537.73297,1594.0568,320.23297,2452.0227,0,0,1,219.77299,3,993.18457,8,2542.448,10,3124.9741,11,3445.207,0,0,0,0,1,323.33859,2,546.2547,3,861.07159,3,861.07159,0,0,0,0,0,0,4,1326.3474,5,1594.0566,5,1594.0566,0,0,1,219.77299,2,669.84601,2,669.84601,2,669.84601,3,990.07898,8,2452.0225,2,537.73303,5,1594.0566,1,320.23297
182,1351,3,.39583334,.79900002,.00074019242,.10443729,.32380953,.53797466,.42105263,2,0,0,0,0,0,0,0,0,0,0,0,0,0,0,0,0,2,2,2,6,668.32251,343.37238,869.78601,1881.481,2,3,2,7,668.32251,579.14453,869.78601,2117.2529,2,5,4,11,668.32251,1177.9896,1768.0778,3614.3899,2,5,4,11,668.32251,1177.9896,1768.0778,3614.3899,0,3,2,5,0,834.61725,898.29175,1732.9089,0,0,0,0,6,1881.4807,8,2508.509,11,3614.3899,15,5316.0439,0,0,0,0,2,668.32239,2,668.32239,2,668.32239,4,1623.0605,0,0,0,0,2,343.37241,3,579.14459,5,1177.9896,6,1705.5304,0,0,0,0,2,869.78601,3,1261.0422,4,1768.078,5,1987.453,9,3434.563,2,954.73816,4,1362.158,3,1117.667
183,590,4,.5090909,2.5969999,.0067796609,.20975588,.5,.82352942,.79591835,2,0,0,0,0,0,0,0,0,0,0,0,0,0,0,0,0,0,1,2,3,0,235.77216,550.44867,786.22083,0,1,3,4,0,235.77216,1140.8206,1376.5928,2,3,3,8,668.32251,1149.2926,1140.8206,2958.4355,3,5,3,11,1224.0454,2399.3342,1140.8206,4764.2002,3,4,1,8,1224.0454,2163.562,590.37189,3977.9795,0,0,0,0,3,786.22089,6,2251.835,8,2958.4355,11,4764.2007,0,0,0,0,0,0,1,291.09409,2,668.32239,3,1224.0454,0,0,0,0,1,235.7722,2,819.92029,3,1149.2927,5,2399.3345,0,0,0,0,2,550.44867,3,1140.8206,3,1140.8206,3,1140.8206,8,3977.9795,3,1224.0454,4,2163.5623,1,590.37189
189,327,5,.38425925,3.8740001,.0061162082,-1.0376436,.43137255,.52222222,.48076922,3,0,0,0,0,0,0,0,0,0,0,1,1,0,0,216.59375,216.59375,0,4,1,5,0,1281.519,216.59375,1498.1128,1,4,3,8,376.59109,1281.519,1285.1677,2943.2778,2,5,4,11,883.17004,1597.8048,1719.0165,4199.9912,2,5,4,11,883.17004,1597.8048,1719.0165,4199.9912,2,1,3,6,883.17004,316.28577,1502.4227,2701.8784,0,0,1,216.5938,5,1498.1128,9,3377.1267,11,4199.9912,15,5486.394,0,0,0,0,0,0,1,376.59109,2,883.16998,5,1777.2396,0,0,0,0,4,1281.519,4,1281.519,5,1597.8047,6,1990.1382,0,0,1,216.5938,1,216.5938,4,1719.0165,4,1719.0165,4,1719.0165,10,3988.2815,5,1777.2396,2,708.61914,3,1502.4227
190,360,6,.41836736,11.511,.0027777778,-.28448719,.40944883,.52459013,.45945945,3,0,0,0,0,0,0,0,0,0,0,0,0,0,0,0,0,1,2,1,4,244.79999,573.92786,325.14417,1143.8721,3,2,3,8,1110.2604,573.92786,738.87402,2423.0623,5,3,3,11,1929.7717,1158.5513,738.87402,3827.197,5,3,3,11,1929.7717,1158.5513,738.87402,3827.197,4,1,2,7,1684.9717,584.62341,413.72986,2683.325,0,0,0,0,4,1143.8719,11,3827.197,16,5436.3228,20,6989.5215,0,0,0,0,1,244.8,5,1929.7717,7,2572.9182,9,3222.5476,0,0,0,0,2,573.9278,3,1158.5513,4,1474.8369,5,1768.5601,0,0,0,0,1,325.1442,3,738.87415,5,1388.568,6,1998.4135,16,5845.6494,8,2977.7476,3,1194.6323,5,1673.2693
191,326,6,.41836736,11.511,.0092024542,-.73351002,.40944883,.52459013,.45945945,1,1,0,0,1,284.12845,0,0,284.12845,2,0,1,3,766.83411,0,204.95999,971.79407,4,0,1,5,1548.9639,0,204.95999,1753.9238,5,0,2,7,1682.5433,0,536.19147,2218.7349,7,1,3,11,2462.7263,392.33334,850.95081,3706.0105,7,1,3,11,2462.7263,392.33334,850.95081,3706.0105,3,1,2,6,913.76245,392.33334,645.99084,1952.0867,1,584.62341,3,1272.2891,5,2054.4189,8,2833.989,12,4513.084,15,5361.8145,0,0,1,482.70569,3,1264.8354,4,1398.4148,7,2685.1765,8,2999.9934,1,584.62341,1,584.62341,1,584.62341,1,584.62341,2,976.95673,2,976.95673,0,0,1,204.96001,1,204.96001,3,850.95068,3,850.95068,5,1384.8649,10,3307.3962,5,1735.158,1,392.33331,4,1179.9049
192,323,8,.22068965,18.371,.0061919503,-.33569315,.23376623,.31654677,.22105263,2,0,0,0,0,0,0,0,0,1,0,0,1,323.33856,0,0,323.33856,2,3,2,7,638.15546,857.95911,540.00604,2036.1206,3,3,3,9,861.07153,857.95911,756.44324,2475.4739,3,4,4,11,861.07153,1323.9287,1206.5162,3391.5166,3,4,4,11,861.07153,1323.9287,1206.5162,3391.5166,1,1,2,4,222.91608,465.9696,666.51019,1355.396,0,0,1,323.33859,7,2036.1205,10,2941.4434,14,4459.8535,15,4879.8696,0,0,1,323.33859,2,638.15552,3,861.07159,6,1929.4089,7,2349.425,0,0,0,0,3,857.95905,4,1323.9287,4,1323.9287,4,1323.9287,0,0,0,0,2,540.00598,3,756.44324,4,1206.5162,4,1206.5162,8,2843.7495,5,1711.2695,1,465.96967,2,666.51025
193,244,7,.25506073,10.723,.0081967209,.3308163,.19444445,.27972028,.31707317,3,1,0,0,1,482.70569,0,0,482.70569,3,1,0,4,1149.5889,584.62341,0,1734.2123,3,1,0,4,1149.5889,584.62341,0,1734.2123,5,2,1,8,1793.7638,976.95679,314.75934,3085.48,7,2,2,11,2835.7256,976.95679,645.99078,4458.6733,7,2,2,11,2835.7256,976.95679,645.99078,4458.6733,4,1,2,7,1686.1367,392.33337,645.99078,2724.4609,1,482.70569,4,1734.2123,4,1734.2123,10,3923.2903,13,4917.3965,17,6376.335,1,482.70569,3,1149.5889,3,1149.5889,6,2300.3428,8,2969.3049,8,2969.3049,0,0,1,584.62341,1,584.62341,2,976.95673,2,976.95673,3,1158.5513,0,0,0,0,0,0,2,645.99072,3,971.13489,6,2248.4788,13,4642.123,5,1819.7161,2,573.92786,6,2248.4788
201,577,3,.39583334,4.684,.0017331023,-.71558064,.32380953,.53797466,.42105263,3,0,0,0,0,0,0,0,0,0,0,0,0,0,0,0,0,0,0,1,1,0,0,391.25616,391.25616,2,1,1,4,783.61298,14.696969,391.25616,1189.5662,3,4,4,11,1182.6282,1778.972,1323.894,4285.4941,3,4,4,11,1182.6282,1778.972,1323.894,4285.4941,3,4,3,10,1182.6282,1778.972,932.63788,3894.238,0,0,0,0,1,391.2562,5,1203.566,11,4285.4946,16,6061.9966,0,0,0,0,0,0,2,783.61292,3,1182.6282,6,2406.0364,0,0,0,0,0,0,2,28.69697,4,1778.9724,5,1865.8296,0,0,0,0,1,391.2562,1,391.2562,4,1323.894,5,1790.1306,15,5670.7402,6,2406.0364,5,1865.8296,4,1398.8744
202,311,3,.39583334,.35499999,.003215434,-.95681936,.32380953,.53797466,.42105263,3,0,0,0,0,0,0,0,0,0,0,0,0,0,0,0,0,0,1,1,2,0,1236.0415,391.25616,1627.2976,1,1,1,3,399.01517,1236.0415,391.25616,2026.3129,3,3,3,9,1067.3376,1579.4139,1488.6637,4135.415,3,5,3,11,1067.3376,2178.259,1488.6637,4734.2603,3,4,2,9,1067.3376,942.21753,1097.4075,3106.9626,0,0,0,0,2,1627.2982,6,2746.9141,9,4135.4155,13,5346.6245,0,0,0,0,0,0,2,776.24353,3,1067.3376,4,1443.9287,0,0,0,0,1,1236.042,3,1579.4144,3,1579.4144,6,2414.0315,0,0,0,0,1,391.2562,1,391.2562,3,1488.6638,3,1488.6638,11,3719.3259,4,1443.9287,5,1177.9895,2,1097.4076
203,667,2,.53264606,0,.0029985008,-1.1111242,.4296875,.755,.63218391,2,0,0,0,0,0,0,0,0,1,1,0,2,377.22833,329.37238,0,706.60071,1,2,1,4,377.22833,565.14453,590.37195,1532.7449,1,2,1,4,377.22833,565.14453,590.37195,1532.7449,2,4,1,7,668.32251,2328.7268,590.37195,3587.4214,2,5,3,10,668.32251,2342.7268,1338.686,4349.7354,1,3,2,6,291.09418,1777.5823,748.31409,2816.9905,0,0,2,706.60071,4,1532.7449,5,2060.2856,7,3587.4214,10,4349.7354,0,0,1,377.2283,1,377.2283,1,377.2283,2,668.32239,2,668.32239,0,0,1,329.37241,2,565.14459,3,1092.6853,4,2328.7273,5,2342.7273,0,0,0,0,1,590.37189,1,590.37189,1,590.37189,3,1338.686,6,2816.9907,1,291.09409,3,1777.5828,2,748.31415
205,654,2,.53264606,1.021,.001529052,.34127653,.4296875,.755,.63218391,3,0,0,0,0,0,0,0,0,1,2,0,3,377.22833,565.14453,0,942.37286,2,4,0,6,668.32251,2385.3342,0,3053.6567,2,6,0,8,668.32251,2926.8748,0,3595.1973,2,6,1,9,668.32251,2926.8748,279.41406,3874.6113,3,7,1,11,1224.0454,2941.5718,279.41406,4445.0313,1,3,1,5,555.7229,556.23755,279.41406,1391.3745,0,0,3,942.37292,6,3053.657,8,3595.1978,9,3874.6118,13,4995.4805,0,0,1,377.2283,2,668.32239,2,668.32239,2,668.32239,3,1224.0454,0,0,2,565.14459,4,2385.3345,6,2926.8755,6,2926.8755,7,2941.5723,0,0,0,0,0,0,0,0,1,279.41409,3,829.86279,7,1941.8235,1,555.72302,3,556.23779,3,829.86279
206,579,2,.53264606,7.2259998,.005181347,-.53564888,.4296875,.755,.63218391,1,0,0,0,0,0,0,0,0,0,0,0,0,0,0,0,0,0,1,1,2,0,14.696969,219.375,234.07198,1,1,3,5,272.07755,14.696969,1192.6472,1479.4218,4,3,3,10,1680.2035,542.93048,1192.6472,3415.7813,4,3,4,11,1680.2035,542.93048,1583.9034,3807.0374,4,2,3,9,1680.2035,528.23352,1364.5284,3572.9653,0,0,0,0,2,234.07198,7,2549.3784,10,3415.7813,13,4301.7808,0,0,0,0,0,0,2,827.80054,4,1680.2035,6,2174.9468,0,0,0,0,1,14.69697,2,528.93048,3,542.93048,3,542.93048,0,0,0,0,1,219.375,3,1192.6473,3,1192.6473,4,1583.9034,11,4067.7085,6,2174.9468,2,528.23352,3,1364.5284
207,325,4,.5090909,3.8180001,.012307692,-1.0179336,.5,.82352942,.79591835,1,0,0,0,0,0,0,0,0,0,1,0,1,0,14,0,14,0,3,1,4,0,1485.8136,590.37195,2076.1855,2,5,1,8,932.95129,1829.8831,590.37195,3353.2063,2,7,2,11,932.95129,2941.5718,809.74695,4684.27,2,7,2,11,932.95129,2941.5718,809.74695,4684.27,2,4,1,7,932.95129,1455.7582,219.375,2608.0845,0,0,1,14,4,2076.186,9,3880.7473,13,5161.4756,18,7119.0884,0,0,0,0,0,0,2,932.95129,3,1130.7421,4,1642.2773,0,0,1,14,3,1485.8142,6,2357.4243,7,2941.5723,7,2941.5723,0,0,0,0,1,590.37189,1,590.37189,3,1089.161,7,2535.2383,14,5042.9023,4,1642.2773,4,1455.7581,6,1944.8665
208,268,2,.53264606,1.443,,-.68876642,.4296875,.755,.63218391,2,0,0,0,0,0,0,0,0,0,0,1,1,0,0,590.37195,590.37195,2,3,1,6,668.32251,1441.0612,590.37195,2699.7556,2,4,1,7,668.32251,2677.1028,590.37195,3935.7974,2,5,3,10,668.32251,2691.1028,1140.8206,4500.2461,3,5,3,11,1224.0454,2691.1028,1140.8206,5055.9688,1,2,2,5,555.7229,1250.0416,550.44861,2356.2131,0,0,1,590.37189,6,2699.7554,7,3935.7974,10,4500.2461,13,5350.0806,0,0,0,0,2,668.32239,2,668.32239,2,668.32239,3,1224.0454,0,0,0,0,3,1441.0612,4,2677.1033,5,2691.1033,6,2705.8,0,0,1,590.37189,1,590.37189,1,590.37189,3,1140.8206,4,1420.2347,7,2650.3245,1,555.72302,3,1264.7389,3,829.86285
210,643,2,.53264606,5.8940001,.0077760494,-1.013476,.4296875,.755,.63218391,1,0,0,0,0,0,0,0,0,1,0,1,2,197.7907,0,219.375,417.16571,1,1,2,4,197.7907,14.696969,685.61157,898.09924,2,2,2,6,488.88483,28.69697,685.61157,1203.1934,3,2,2,7,1000.4202,28.69697,685.61157,1714.7288,3,4,4,11,1000.4202,1500.5106,1783.0192,4283.9502,2,3,2,7,802.62952,1485.8136,1097.4076,3385.8511,0,0,2,417.16571,4,898.09924,7,1714.7288,7,1714.7288,12,4811.4917,0,0,1,197.7907,1,197.7907,3,1000.4202,3,1000.4202,3,1000.4202,0,0,0,0,1,14.69697,2,28.69697,2,28.69697,5,2028.052,0,0,1,219.375,2,685.61157,2,685.61157,2,685.61157,4,1783.0192,8,3913.3918,2,802.62946,4,2013.355,2,1097.4076
211,260,2,.53264606,6.1160002,.0076923077,-.45697892,.4296875,.755,.63218391,3,0,0,0,0,0,0,0,0,1,1,1,3,555.72296,14.696969,466.23657,1036.6565,3,1,1,5,1265.0491,14.696969,466.23657,1745.9827,3,2,1,6,1265.0491,28.69697,466.23657,1759.9827,4,2,2,8,1556.1432,28.69697,973.27222,2558.1123,5,3,2,10,1828.2208,1264.7385,973.27222,4066.2314,2,2,1,5,563.17175,1250.0415,507.03564,2320.2488,0,0,3,1036.6566,5,1745.9827,6,1759.9827,8,2558.1125,10,4066.2319,0,0,1,555.72302,3,1265.0491,3,1265.0491,4,1556.1432,5,1828.2207,0,0,1,14.69697,1,14.69697,2,28.69697,2,28.69697,3,1264.739,0,0,1,466.2366,1,466.2366,1,466.2366,2,973.27234,2,973.27234,5,2320.2493,2,563.17163,2,1250.042,1,507.03574
212,431,3,.39583334,3.0969999,.0046403711,-.88813013,.32380953,.53797466,.42105263,3,0,0,0,0,0,0,0,0,0,0,0,0,0,0,0,0,1,0,2,3,399.01517,0,786.44971,1185.4648,1,0,2,3,399.01517,0,786.44971,1185.4648,2,4,2,8,775.60626,1351.5956,786.44971,2913.6516,3,5,3,11,1287.1417,1580.3584,1220.2986,4087.7988,2,5,1,8,888.12659,1580.3584,433.84888,2902.334,0,0,0,0,3,1185.465,4,2421.5068,8,2913.6521,13,4650.9707,0,0,0,0,1,399.0152,1,399.0152,2,775.60632,5,1850.3132,0,0,0,0,0,0,1,1236.042,4,1351.5962,5,1580.359,0,0,0,0,2,786.44983,2,786.44983,2,786.44983,3,1220.2986,10,3465.5059,4,1451.2981,5,1580.359,1,433.84875
213,542,2,.53264606,8.2139997,.0092250919,.039453462,.4296875,.755,.63218391,3,0,0,0,0,0,0,0,0,1,0,1,2,197.7907,0,219.375,417.16571,2,0,1,3,753.51367,0,219.375,972.88867,3,1,1,5,1265.0491,14.696969,219.375,1499.1211,3,2,1,6,1265.0491,28.69697,219.375,1513.1211,4,2,2,8,1556.1432,28.69697,726.41064,2311.2507,2,2,1,5,802.62952,28.69697,507.03564,1338.3621,0,0,2,417.16571,3,972.88873,5,1499.1211,6,1513.1211,8,2311.251,0,0,1,197.7907,2,753.51373,3,1265.0491,3,1265.0491,4,1556.1432,0,0,0,0,0,0,1,14.69697,2,28.69697,2,28.69697,0,0,1,219.375,1,219.375,1,219.375,1,219.375,2,726.41071,5,1338.3622,2,802.62946,2,28.69697,1,507.03571
215,406,2,.53264606,0,.0049261083,-.20859574,.4296875,.755,.63218391,1,0,1,0,1,0,329.37238,0,329.37238,0,2,1,3,0,913.52045,590.37195,1503.8923,0,4,1,5,0,2385.3342,590.37195,2975.7061,1,4,1,6,291.09415,2385.3342,590.37195,3266.8003,1,6,2,9,291.09415,2926.8748,869.78601,4087.7549,1,6,2,9,291.09415,2926.8748,869.78601,4087.7549,1,2,1,4,291.09415,541.54053,279.41406,1112.0488,1,329.37241,3,1503.8923,5,2975.7063,7,3546.2146,9,4087.7551,9,4087.7551,0,0,0,0,0,0,1,291.09409,1,291.09409,1,291.09409,1,329.37241,2,913.52051,4,2385.3345,4,2385.3345,6,2926.8755,6,2926.8755,0,0,1,590.37189,1,590.37189,2,869.78601,2,869.78601,2,869.78601,4,1112.0488,1,291.09409,2,541.54102,1,279.41412
216,748,3,.39583334,11.1,.0053475937,1.0077575,.32380953,.53797466,.42105263,1,0,0,0,0,0,0,0,0,1,0,0,1,203.64944,0,0,203.64944,1,1,0,2,203.64944,514.23352,0,717.88293,3,1,1,5,689.90479,514.23352,168.43285,1372.5712,4,1,1,6,1201.4402,514.23352,168.43285,1884.1066,4,2,1,7,1201.4402,1020.106,168.43285,2389.979,3,1,1,5,997.79077,505.8725,168.43285,1672.0961,0,0,1,203.6494,2,717.88293,5,1372.571,6,1884.1064,7,2389.979,0,0,1,203.6494,1,203.6494,3,689.90472,4,1201.4401,4,1201.4401,0,0,0,0,1,514.23352,1,514.23352,1,514.23352,2,1020.106,0,0,0,0,0,0,1,168.4328,1,168.4328,1,168.4328,5,1672.0959,3,997.79065,1,505.8725,1,168.4328
218,95,4,.5090909,4.8400002,,.18722633,.5,.82352942,.79591835,3,0,0,0,0,0,0,0,0,0,0,0,0,0,0,0,0,0,1,1,2,0,527.54071,468.89999,996.44067,0,1,1,2,0,527.54071,468.89999,996.44067,0,2,1,3,0,763.31287,468.89999,1232.2129,1,2,2,5,291.09415,763.31287,1059.272,2113.679,1,1,1,3,291.09415,235.77216,590.37195,1117.2383,0,0,0,0,2,996.44067,2,996.44067,3,1232.2129,5,2113.679,0,0,0,0,0,0,0,0,0,0,1,291.09409,0,0,0,0,1,527.54071,1,527.54071,2,763.31293,2,763.31293,0,0,0,0,1,468.89999,1,468.89999,1,468.89999,2,1059.2719,3,1117.2382,1,291.09409,1,235.77222,1,590.37183
219,317,3,.39583334,7.237,.0031545742,-.45029387,.32380953,.53797466,.42105263,1,0,0,0,0,0,0,0,0,0,1,0,1,0,514.23352,0,514.23352,0,1,0,1,0,514.23352,0,514.23352,4,1,2,7,1583.9749,514.23352,940.88446,3039.0928,4,1,3,8,1583.9749,514.23352,1109.3173,3207.5256,4,4,3,11,1583.9749,1121.6602,1109.3173,3814.9521,4,3,3,10,1583.9749,607.42664,1109.3173,3300.7188,0,0,1,514.23352,1,514.23352,7,3039.093,8,3207.5259,13,4425.5835,0,0,0,0,0,0,4,1583.9749,4,1583.9749,4,1583.9749,0,0,1,514.23352,1,514.23352,1,514.23352,1,514.23352,4,1121.6602,0,0,0,0,0,0,2,940.88452,3,1109.3174,5,1719.9485,12,3911.3501,4,1583.9749,3,607.42664,5,1719.9485
220,439,3,.39583334,.722,.0022779044,-2.0924692,.32380953,.53797466,.42105263,1,0,0,0,0,0,0,0,0,0,0,0,0,0,0,0,0,1,0,1,2,376.59109,0,391.25616,767.84729,1,1,2,4,376.59109,228.76282,670.67023,1276.0242,1,3,3,7,376.59109,775.7572,1177.7059,2330.0542,1,4,5,10,376.59109,2011.7987,1903.6323,4292.022,0,4,4,8,0,2011.7987,1512.3762,3524.1748,0,0,0,0,2,767.84729,4,1276.0242,7,2330.0542,10,4292.0225,0,0,0,0,1,376.59109,1,376.59109,1,376.59109,1,376.59109,0,0,0,0,0,0,1,228.7628,3,775.75714,4,2011.7992,0,0,0,0,1,391.2562,2,670.67029,3,1177.7061,5,1903.6324,8,3524.1755,0,0,4,2011.7992,4,1512.3762
221,384,2,.53264606,.35499999,.0052083335,1.9682828,.4296875,.755,.63218391,2,0,1,0,1,0,329.37238,0,329.37238,0,2,1,3,0,913.52045,590.37195,1503.8923,0,4,1,5,0,2385.3342,590.37195,2975.7061,1,4,1,6,291.09415,2385.3342,590.37195,3266.8003,1,6,2,9,291.09415,2926.8748,869.78601,4087.7549,1,6,2,9,291.09415,2926.8748,869.78601,4087.7549,1,2,1,4,291.09415,541.54053,279.41406,1112.0488,1,377.2283,3,1551.7483,5,3023.5625,7,3594.0706,9,4135.6113,9,4135.6113,1,377.2283,1,377.2283,1,377.2283,2,668.32239,2,668.32239,2,668.32239,0,0,1,584.14807,3,2055.9622,3,2055.9622,5,2597.5032,5,2597.5032,0,0,1,590.37189,1,590.37189,2,869.78601,2,869.78601,2,869.78601,4,1112.0488,1,291.09409,2,541.54102,1,279.41412
261,213,1,.27247956,10.223,.014084507,.25369638,.21428572,.42292491,.3018868,3,0,0,0,0,0,0,0,0,1,0,0,1,250.25455,0,0,250.25455,1,1,1,3,250.25455,316.28571,325.14417,891.68445,1,4,1,6,250.25455,1297.4758,325.14417,1872.8745,2,5,3,10,495.05453,1689.8092,1098.632,3283.4956,2,5,4,11,495.05453,1689.8092,1315.2257,3500.0894,1,4,3,8,244.79999,1373.5234,990.08154,2608.4048,0,0,1,250.2545,3,891.68445,6,1872.8744,10,3283.4954,14,4091.4697,0,0,1,250.2545,1,250.2545,1,250.2545,2,495.0545,3,709.2323,0,0,0,0,1,316.28571,4,1297.4758,5,1689.8091,5,1689.8091,0,0,0,0,1,325.1442,1,325.1442,3,1098.6318,6,1692.4283,11,3199.7854,2,458.97778,4,1373.5234,5,1367.2842
262,333,1,.27247956,10.223,.0090090092,.58347005,.21428572,.42292491,.3018868,2,0,0,0,0,0,0,0,0,0,0,0,0,0,0,0,0,0,0,0,0,0,0,0,0,0,1,1,2,0,181.59448,190.96552,372.56,2,1,3,6,386.82211,181.59448,724.87958,1293.2961,2,3,4,9,386.82211,1003.7527,1039.6389,2430.2139,2,3,4,9,386.82211,1003.7527,1039.6389,2430.2139,0,0,0,0,0,0,2,372.56,6,1293.2961,9,2430.2136,0,0,0,0,0,0,0,0,2,386.82208,2,386.82208,0,0,0,0,0,0,1,181.5945,1,181.5945,3,1003.7527,0,0,0,0,0,0,1,190.9655,3,724.87964,4,1039.6389,9,2430.2136,2,386.82208,3,1003.7527,4,1039.6389
263,559,1,.27247956,4.329,.0035778175,1.7777531,.21428572,.42292491,.3018868,2,0,0,0,0,0,0,0,0,0,0,1,1,0,0,609.84558,609.84558,0,1,2,3,0,460.13724,901.92322,1362.0604,1,2,4,7,506.57895,688.90002,1577.2454,2772.7244,3,4,4,11,1127.9701,1168.0906,1577.2454,3873.3062,3,4,4,11,1127.9701,1168.0906,1577.2454,3873.3062,3,3,2,8,1127.9701,707.95337,675.32214,2511.2456,0,0,1,609.84558,3,1362.0605,7,2772.7241,11,3873.3057,13,4572.3462,0,0,0,0,0,0,1,506.57889,3,1127.97,4,1510.7246,0,0,0,0,1,460.13721,2,688.90002,4,1168.0905,5,1484.3762,0,0,1,609.84558,2,901.92328,4,1577.2454,4,1577.2454,4,1577.2454,10,3210.2856,4,1510.7246,4,1024.239,2,675.32208
264,205,6,.41836736,12.221,.0097560976,.96161735,.40944883,.52459013,.45945945,2,0,0,0,0,0,0,0,0,0,0,0,0,0,0,0,0,0,0,3,3,0,0,848.6734,848.6734,1,1,4,6,136.56757,293.72308,1039.6389,1469.9296,4,3,4,11,1167.005,1002.3421,1039.6389,3208.9861,4,3,4,11,1167.005,1002.3421,1039.6389,3208.9861,4,3,1,8,1167.005,1002.3421,190.96552,2360.3127,0,0,0,0,3,848.67334,6,1469.9296,11,3208.9863,15,4738.1343,0,0,0,0,0,0,1,136.5676,4,1167.005,6,2032.4653,0,0,0,0,0,0,1,293.72311,3,1002.3421,3,1002.3421,0,0,0,0,3,848.67334,4,1039.6389,4,1039.6389,6,1703.3271,12,3889.4612,6,2032.4653,3,1002.3421,3,854.65381
265,352,7,.25506073,16.783001,.0056818184,.054506782,.19444445,.27972028,.31707317,1,0,0,0,0,0,0,0,0,0,0,0,0,0,0,0,0,3,1,0,4,679.83417,270.12799,0,949.96216,4,2,1,7,1079.2091,736.0976,219.77304,2035.0797,5,4,2,11,1614.592,1326.3474,540.00604,3480.9456,5,4,2,11,1614.592,1326.3474,540.00604,3480.9456,2,3,2,7,934.75787,1056.2195,540.00604,2530.9834,0,0,0,0,4,949.96222,7,2035.0798,13,3965.0916,17,5615.1479,0,0,0,0,3,679.83423,4,1079.2092,5,1614.592,6,1898.7205,0,0,0,0,1,270.12799,2,736.0976,5,1594.0566,6,2178.6799,0,0,0,0,0,0,1,219.77299,3,756.44324,5,1537.7477,13,4665.186,3,1218.8862,5,1908.552,5,1537.7477
266,239,1,.27247956,4.7290001,.0083682006,.32394075,.21428572,.42292491,.3018868,3,0,0,0,0,0,0,0,0,0,0,1,1,0,0,292.07767,292.07767,0,1,2,3,0,86.85714,750.80603,837.66315,0,5,4,9,0,1597.8048,1794.5005,3392.3052,2,5,4,11,883.17004,1597.8048,1794.5005,4275.4756,2,5,4,11,883.17004,1597.8048,1794.5005,4275.4756,2,4,2,8,883.17004,1510.9476,1043.6945,3437.8125,0,0,1,292.0777,3,837.66321,9,3392.3054,14,5162.8628,17,6184.8447,0,0,0,0,0,0,0,0,4,1378.2245,4,1378.2245,0,0,0,0,1,86.85714,5,1597.8047,6,1990.1382,7,2496.0105,0,0,1,292.0777,2,750.80609,4,1794.5004,4,1794.5004,6,2310.6101,14,5347.1812,4,1378.2245,6,2409.1533,4,1559.804
267,148,7,.25506073,14.996,.013513514,.18478444,.19444445,.27972028,.31707317,1,0,0,0,0,0,0,0,0,1,0,0,1,399.375,0,0,399.375,2,0,0,2,714.19189,0,0,714.19189,3,1,1,5,998.32031,584.62341,331.23145,1914.1752,6,3,2,11,2239.325,1320.7209,536.19147,4096.2373,6,3,2,11,2239.325,1320.7209,536.19147,4096.2373,4,3,2,9,1525.1331,1320.7209,536.19147,3382.0454,0,0,1,399.375,2,714.19189,6,2137.0911,12,4419.5762,15,5342.3364,0,0,1,399.375,2,714.19189,4,1221.2363,7,2562.6636,8,2945.4182,0,0,0,0,0,0,1,584.62341,3,1320.7209,3,1320.7209,0,0,0,0,0,0,1,331.23141,2,536.19141,4,1076.1974,13,4628.1445,6,2231.2263,3,1320.7209,4,1076.1974
268,419,5,.38425925,1.443,.0095465397,.54199833,.43137255,.52222222,.48076922,1,0,0,0,0,0,0,0,0,0,1,0,1,0,228.76282,0,228.76282,1,3,0,4,399.01517,775.7572,0,1174.7723,1,3,1,5,399.01517,775.7572,292.07767,1466.8501,1,4,4,9,399.01517,1281.519,1333.7764,3014.3105,1,4,6,11,399.01517,1281.519,2223.0359,3903.5701,0,1,6,7,0,505.76184,2223.0359,2728.7979,0,0,1,228.7628,4,1174.7723,5,1466.8501,9,3014.3108,12,4410.606,0,0,0,0,1,399.0152,1,399.0152,1,399.0152,1,399.0152,0,0,1,228.7628,3,775.75714,3,775.75714,4,1281.519,4,1281.519,0,0,0,0,0,0,1,292.0777,4,1333.7765,7,2730.0718,8,3235.8335,0,0,1,505.7619,7,2730.0718
269,254,5,.38425925,1.077,.0039370079,-1.0159557,.43137255,.52222222,.48076922,2,0,0,0,0,0,0,0,0,1,1,0,2,376.59109,460.13724,0,836.72833,1,2,1,4,376.59109,546.99438,292.07767,1215.6631,2,3,2,7,775.60626,1052.7562,508.67142,2337.0339,2,3,4,9,775.60626,1052.7562,1552.3658,3380.7283,2,3,6,11,775.60626,1052.7562,2402.3503,4230.7129,1,1,5,7,399.01517,505.76184,2110.2727,3015.0498,0,0,2,836.72827,4,1215.6631,7,2337.0339,9,3380.7283,11,4230.7129,0,0,1,376.59109,1,376.59109,2,775.60632,2,775.60632,2,775.60632,0,0,1,460.13721,2,546.99432,3,1052.7562,3,1052.7562,3,1052.7562,0,0,0,0,1,292.0777,2,508.67151,4,1552.3658,6,2402.3503,7,3015.0498,1,399.01523,1,505.7619,5,2110.2727
270,254,8,.22068965,19.825001,.011811024,.55051816,.23376623,.31654677,.22105263,3,0,0,0,0,0,0,0,0,1,0,1,2,323.33856,0,216.43724,539.77582,2,2,1,5,546.25464,736.0976,216.43724,1498.7894,3,4,2,9,861.07153,1326.3474,666.51025,2853.9292,3,5,3,11,861.07153,1594.0568,986.74323,3441.8716,3,5,3,11,861.07153,1594.0568,986.74323,3441.8716,1,3,2,6,314.81689,857.95917,770.30597,1943.0822,0,0,2,539.77576,5,1498.7896,10,3121.6384,11,3441.8713,12,3575.4509,0,0,1,323.33859,2,546.2547,3,861.07159,3,861.07159,4,994.65112,0,0,0,0,2,736.0976,5,1594.0566,5,1594.0566,5,1594.0566,0,0,1,216.43719,1,216.43719,2,666.51019,3,986.74316,3,986.74316,7,2076.6614,2,448.39642,3,857.95905,2,770.30597
271,505,8,.22068965,21.955999,.0039603962,.25528598,.23376623,.31654677,.22105263,3,0,0,0,0,0,0,0,0,0,0,0,0,0,0,0,0,0,2,1,3,0,590.24982,216.43724,806.68707,1,3,2,6,323.33856,857.95911,436.2103,1617.5079,1,5,3,9,323.33856,1252.2871,756.44324,2332.0688,2,6,3,11,546.25464,1509.772,756.44324,2812.4697,2,4,2,8,546.25464,919.52216,540.00598,2005.7827,0,0,0,0,3,806.68695,6,1617.5078,9,2332.0688,13,3593.2561,0,0,0,0,0,0,1,323.33859,1,323.33859,3,861.07159,0,0,0,0,2,590.24976,3,857.95905,5,1252.2871,7,1975.7415,0,0,0,0,1,216.43719,2,436.21021,3,756.44324,3,756.44324,10,2786.5691,3,861.07159,5,1385.4917,2,540.00604
272,505,5,.38425925,5.75,.0039603962,.58663553,.43137255,.52222222,.48076922,3,0,0,0,0,0,0,0,0,0,0,0,0,0,0,0,0,0,1,0,1,0,86.85714,0,86.85714,2,1,1,4,486.25531,86.85714,216.59375,789.70618,4,4,3,11,1113.101,1423.2489,1015.7071,3552.0569,4,4,3,11,1113.101,1423.2489,1015.7071,3552.0569,4,3,3,10,1113.101,1336.3917,1015.7071,3465.1997,0,0,0,0,1,86.85714,6,1596.0173,12,3780.8196,18,5862.0386,0,0,0,0,0,0,2,486.25531,4,1113.101,6,1715.7655,0,0,0,0,1,86.85714,2,601.09064,5,1652.0117,6,2112.1489,0,0,0,0,0,0,2,508.67151,3,1015.7072,6,2034.1245,17,5775.1816,6,1715.7655,5,2025.2917,6,2034.1245
273,290,6,.41836736,23.832001,.0068965517,-.373954,.40944883,.52459013,.45945945,2,0,0,0,0,0,0,0,0,0,1,0,1,0,124.2,0,124.2,0,1,0,1,0,124.2,0,124.2,0,1,0,1,0,124.2,0,124.2,0,1,1,2,0,124.2,338.96512,463.1651,1,4,2,7,420.01605,982.15912,789.03815,2191.2134,1,3,2,6,420.01605,857.95911,789.03815,2067.0134,0,0,1,124.2,1,124.2,1,124.2,2,463.1651,7,2191.2134,0,0,0,0,0,0,0,0,0,0,1,420.01611,0,0,1,124.2,1,124.2,1,124.2,1,124.2,4,982.15912,0,0,0,0,0,0,0,0,1,338.96509,2,789.03809,6,2067.0132,1,420.01611,3,857.95911,2,789.03809
274,155,6,.41836736,14.985,.0064516128,-.012563334,.40944883,.52459013,.45945945,1,0,0,0,0,0,0,0,0,0,0,1,1,0,0,208.76987,208.76987,0,0,1,1,0,0,208.76987,208.76987,2,1,1,4,955.39899,181.59448,208.76987,1345.7633,2,2,4,8,955.39899,475.31757,1182.7273,2613.4438,2,3,5,10,955.39899,743.02686,1507.8715,3206.2974,2,3,4,9,955.39899,743.02686,1299.1016,2997.5276,0,0,1,208.7699,1,208.7699,4,1345.7634,8,2613.4438,10,3206.2974,0,0,0,0,0,0,2,955.39899,2,955.39899,2,955.39899,0,0,0,0,0,0,1,181.5945,2,475.31763,3,743.02692,0,0,1,208.7699,1,208.7699,1,208.7699,4,1182.7273,5,1507.8715,9,2997.5273,2,955.39899,3,743.02692,4,1299.1016
277,138,8,.22068965,24.742001,.014492754,-.55005062,.23376623,.31654677,.22105263,2,0,0,0,0,0,0,0,0,0,1,0,1,0,257.48483,0,257.48483,0,1,0,1,0,257.48483,0,257.48483,0,1,0,1,0,257.48483,0,257.48483,0,1,1,2,0,257.48483,450.07303,707.55786,0,4,2,6,0,1115.444,789.03815,1904.4822,0,3,2,5,0,857.95911,789.03815,1646.9973,0,0,1,257.4848,1,257.4848,1,257.4848,2,707.5578,6,1904.4819,0,0,0,0,0,0,0,0,0,0,0,0,0,0,1,257.4848,1,257.4848,1,257.4848,1,257.4848,4,1115.4438,0,0,0,0,0,0,0,0,1,450.073,2,789.03809,5,1646.9971,0,0,3,857.95905,2,789.03809
278,185,5,.38425925,11.289,.0054054055,-1.0748942,.43137255,.52222222,.48076922,3,0,0,0,0,0,0,0,0,0,0,0,0,0,0,0,0,2,1,0,3,417.82721,505.87253,0,923.69971,3,1,0,4,1072.4395,505.87253,0,1578.312,5,2,0,7,1594.7716,1020.106,0,2614.8777,5,2,2,9,1594.7716,1020.106,624.81433,3239.6919,3,1,2,6,1176.9443,514.23352,624.81433,2315.9922,0,0,0,0,3,923.69971,4,1578.3118,7,2614.8774,9,3239.6919,0,0,0,0,2,417.82721,3,1072.4393,5,1594.7714,5,1594.7714,0,0,0,0,1,505.8725,1,505.8725,2,1020.106,2,1020.106,0,0,0,0,0,0,0,0,0,0,2,624.81427,6,2315.9919,3,1176.9441,1,514.23352,2,624.81427
279,542,1,.27247956,10.867,.0073800739,.6318326,.21428572,.42292491,.3018868,1,1,0,0,1,482.70569,0,0,482.70569,3,1,0,4,1149.5889,584.62341,0,1734.2123,3,1,0,4,1149.5889,584.62341,0,1734.2123,5,2,1,8,1793.7638,976.95679,314.75934,3085.48,7,2,2,11,2835.7256,976.95679,645.99078,4458.6733,7,2,2,11,2835.7256,976.95679,645.99078,4458.6733,4,1,2,7,1686.1367,392.33337,645.99078,2724.4609,1,204.96001,4,1456.4664,4,1456.4664,10,3645.5442,13,4639.6509,17,6098.5894,0,0,2,666.88306,2,666.88306,5,1817.637,7,2486.5994,7,2486.5994,0,0,1,584.62341,1,584.62341,2,976.95673,2,976.95673,3,1158.5513,1,204.96001,1,204.96001,1,204.96001,3,850.95068,4,1176.095,7,2453.4387,13,4642.123,5,1819.7163,2,573.92786,6,2248.4788
281,241,5,.38425925,11.033,.012448132,.31264392,.43137255,.52222222,.48076922,1,0,0,0,0,0,0,0,0,1,0,0,1,654.61224,0,0,654.61224,2,1,1,4,868.79004,514.23352,168.43285,1551.4564,3,1,1,5,1140.8676,514.23352,168.43285,1823.5339,3,2,1,6,1140.8676,1020.106,168.43285,2329.4065,4,2,2,8,1652.403,1020.106,602.28162,3274.7905,2,1,1,4,783.61292,505.8725,433.84875,1723.3341,0,0,1,654.61218,4,1551.4563,5,1823.5337,6,2329.4063,8,3274.7908,0,0,1,654.61218,2,868.78998,3,1140.8674,3,1140.8674,4,1652.403,0,0,0,0,1,514.23352,1,514.23352,2,1020.106,2,1020.106,0,0,0,0,1,168.4328,1,168.4328,1,168.4328,2,602.28162,4,1723.3341,2,783.61298,1,505.8725,1,433.84882
284,95,5,.38425925,3.596,.010526316,-1.6008512,.43137255,.52222222,.48076922,2,0,0,0,0,0,0,0,0,0,0,0,0,0,0,0,0,1,1,3,5,376.59109,228.76282,942.5202,1547.8741,1,2,3,6,376.59109,688.90002,942.5202,2008.0114,2,3,5,10,775.60626,1194.662,1792.5048,3762.7729,2,3,6,11,775.60626,1194.662,2402.3503,4372.6187,1,2,3,6,399.01517,965.89917,1459.8301,2824.7446,0,0,0,0,5,1547.8741,6,2008.0114,10,3762.7729,16,5932.4497,0,0,0,0,1,376.59109,1,376.59109,2,775.60632,5,1512.1161,0,0,0,0,1,228.7628,2,688.90002,3,1194.6619,4,1510.9475,0,0,0,0,3,942.52026,3,942.52026,5,1792.5048,7,2909.386,11,4384.5757,4,1135.525,3,1282.1847,4,1966.8657
285,366,1,.27247956,10.134,.010928961,.12981172,.21428572,.42292491,.3018868,3,0,0,0,0,0,0,0,0,0,0,0,0,0,0,0,0,1,3,2,6,244.79999,890.21356,505.72488,1640.7384,2,3,3,8,495.05453,890.21356,964.45325,2349.7214,3,4,4,11,1001.6335,1183.9366,1173.2231,3358.7932,3,4,4,11,1001.6335,1183.9366,1173.2231,3358.7932,2,1,2,5,756.8335,293.72308,667.49829,1718.0548,0,0,0,0,6,1640.7382,8,2349.7214,14,4429.2134,21,7302.228,0,0,0,0,1,244.8,2,495.0545,5,1867.0938,8,2823.1726,0,0,0,0,3,890.2135,3,890.2135,4,1183.9365,6,2274.4324,0,0,0,0,2,505.72479,3,964.45319,5,1378.183,7,2204.6223,15,5661.4897,7,2578.3726,3,1384.2189,5,1698.8975
286,279,1,.27247956,9.3800001,,-.38218212,.21428572,.42292491,.3018868,1,0,0,0,0,0,0,0,0,0,1,1,2,0,316.28571,190.96552,507.25122,0,2,1,3,0,822.15826,190.96552,1013.1238,0,2,2,4,0,822.15826,516.10968,1338.2679,1,4,6,11,214.17776,1297.4758,1793.7135,3305.3672,1,4,6,11,214.17776,1297.4758,1793.7135,3305.3672,1,2,5,8,214.17776,475.31757,1602.748,2292.2434,0,0,2,507.25122,3,1013.1237,4,1338.2679,13,3942.5005,16,4636.1943,0,0,0,0,0,0,0,0,2,458.97778,2,458.97778,0,0,1,316.28571,2,822.1582,2,822.1582,5,1689.8091,6,1776.6663,0,0,1,190.9655,1,190.9655,2,516.10968,6,1793.7135,8,2400.5505,13,3623.071,2,458.97778,4,954.50806,7,2209.585
288,604,6,.41836736,14.275,.0066225166,.47285831,.40944883,.52459013,.45945945,1,0,0,0,0,0,0,0,0,0,0,0,0,0,0,0,0,0,0,1,1,0,0,208.76987,208.76987,1,0,2,3,136.56757,0,529.00287,665.57043,5,2,4,11,1722.7927,766.2179,1048.7222,3537.7329,5,2,4,11,1722.7927,766.2179,1048.7222,3537.7329,5,2,3,10,1722.7927,766.2179,839.95227,3328.9631,0,0,0,0,1,208.7699,4,980.32983,15,4523.9663,21,6484.4194,0,0,0,0,0,0,1,136.5676,7,2171.1892,9,2877.2825,0,0,0,0,0,0,0,0,4,1304.0552,6,1894.3049,0,0,0,0,1,208.7699,3,843.76221,4,1048.7222,6,1712.8315,20,6275.6489,9,2877.2825,6,1894.3049,5,1504.0616
289,206,7,.25506073,20.346001,.009708738,.99340832,.19444445,.27972028,.31707317,2,0,1,0,1,0,184.9617,0,184.9617,0,2,0,2,0,452.67099,0,452.67099,1,3,2,6,323.33856,722.79901,770.30603,1816.4436,1,3,4,8,323.33856,722.79901,1206.5162,2252.6538,3,3,5,11,1058.1715,722.79901,1545.4814,3326.4519,3,3,5,11,1058.1715,722.79901,1545.4814,3326.4519,2,0,3,5,734.83295,0,775.17542,1510.0083,1,405.28809,2,672.99738,6,2036.77,8,2472.98,12,3769.6941,16,5152.7319,0,0,0,0,1,323.33859,1,323.33859,4,1281.0876,5,1816.4706,1,405.28809,2,672.99738,3,943.12537,3,943.12537,3,943.12537,6,1790.7798,0,0,0,0,2,770.30603,4,1206.5162,5,1545.4813,5,1545.4813,10,3115.9617,4,1493.132,3,847.65442,3,775.17529
290,480,7,.25506073,13.475,.0041666669,.82985848,.19444445,.27972028,.31707317,1,0,0,0,0,0,0,0,0,1,0,0,1,133.57948,0,0,133.57948,2,1,0,3,417.70792,584.62341,0,1002.3313,4,1,2,7,1215.2305,584.62341,536.19147,2336.0454,7,2,2,11,2356.2842,854.7514,536.19147,3747.2271,7,2,2,11,2356.2842,854.7514,536.19147,3747.2271,5,1,2,8,1938.5763,270.12799,536.19147,2744.8958,0,0,1,133.5795,3,1002.3313,7,2336.0452,11,3747.2271,15,5171.5273,0,0,1,133.5795,2,417.70789,4,1215.2305,7,2356.2842,8,2679.6226,0,0,0,0,1,584.62341,1,584.62341,2,854.7514,3,1320.7209,0,0,0,0,0,0,2,536.19141,2,536.19141,4,1171.1837,12,4169.1958,6,2261.9146,2,736.09753,4,1171.1837
291,395,6,.41836736,19.358,.0050632912,.035357323,.40944883,.52459013,.45945945,3,0,0,0,0,0,0,0,0,1,0,0,1,420.01605,0,0,420.01605,1,0,0,1,420.01605,0,0,420.01605,1,0,0,1,420.01605,0,0,420.01605,2,4,2,8,556.58362,1115.444,529.00287,2201.0305,3,5,2,10,1091.9666,1239.6439,529.00287,2860.6133,2,5,2,9,671.9505,1239.6439,529.00287,2440.5972,0,0,1,420.01611,1,420.01611,2,687.7254,8,2201.0305,10,2860.6133,0,0,1,420.01611,1,420.01611,1,420.01611,2,556.58374,3,1091.9666,0,0,0,0,0,0,1,267.70929,4,1115.4438,5,1239.6438,0,0,0,0,0,0,0,0,2,529.00293,2,529.00293,9,2440.5972,2,671.95044,5,1239.6438,2,529.00293
292,342,1,.27247956,8.6470003,.0058479533,.42149514,.21428572,.42292491,.3018868,2,0,0,0,0,0,0,0,0,1,0,0,1,250.25455,0,0,250.25455,1,0,3,4,250.25455,0,974.83807,1225.0927,2,1,4,7,495.05453,392.33334,1191.4319,2078.8198,3,2,6,11,1001.6335,898.20587,1798.2688,3698.1082,3,2,6,11,1001.6335,898.20587,1798.2688,3698.1082,2,2,3,7,751.37891,898.20587,823.43073,2473.0156,0,0,1,250.2545,4,1225.0927,8,2584.6921,14,4923.397,19,6406.6714,0,0,1,250.2545,1,250.2545,2,495.0545,3,1001.6334,5,1598.5659,0,0,0,0,0,0,2,898.20581,3,1079.8003,6,1966.1426,0,0,0,0,3,974.83813,4,1191.4319,8,2841.9634,8,2841.9634,15,5181.5786,4,1348.3114,6,1966.1426,5,1867.1252
293,299,7,.25506073,19.114,.013377926,2.2146835,.19444445,.27972028,.31707317,2,0,0,0,0,0,0,0,0,0,2,1,3,0,590.24982,320.23297,910.48279,0,3,1,4,0,860.37781,320.23297,1180.6108,2,3,2,7,743.35461,860.37781,770.30603,2374.0386,3,3,5,11,1058.1715,860.37781,1545.4814,3464.0308,3,3,5,11,1058.1715,860.37781,1545.4814,3464.0308,3,0,4,7,1058.1715,0,1225.2485,2283.4199,0,0,3,910.48279,4,1180.6108,9,2932.7764,12,3999.4133,17,4949.3521,0,0,0,0,0,0,2,743.35474,4,1593.5544,6,1953.0381,0,0,2,590.24976,3,860.37781,3,860.37781,3,860.37781,5,1242.0625,0,0,1,320.233,1,320.233,4,1329.0441,5,1545.4813,6,1754.2512,13,3768.741,6,1953.0381,2,381.68469,5,1434.0182
294,358,7,.25506073,18.136999,.005586592,.29472601,.19444445,.27972028,.31707317,3,0,0,0,0,0,0,0,0,0,1,0,1,0,267.70932,0,267.70932,0,4,0,4,0,1128.0872,0,1128.0872,3,4,0,7,1278.7375,1128.0872,0,2406.8247,5,4,2,11,1730.1219,1128.0872,558.73816,3416.9473,5,4,2,11,1730.1219,1128.0872,558.73816,3416.9473,5,0,2,7,1730.1219,0,558.73816,2288.8601,0,0,1,267.70929,4,1128.0872,7,2406.8245,13,4075.79,17,5048.0977,0,0,0,0,0,0,3,1278.7375,5,1730.1221,8,2485.9927,0,0,1,267.70929,4,1128.0872,4,1128.0872,4,1128.0872,4,1128.0872,0,0,0,0,0,0,0,0,4,1217.5811,5,1434.0182,13,3920.011,8,2485.9927,0,0,5,1434.0182
295,387,7,.25506073,11.699,.0051679588,2.8503764,.19444445,.27972028,.31707317,3,0,0,0,0,0,0,0,0,0,0,0,0,0,0,0,0,0,0,0,0,0,0,0,0,3,1,0,4,817.08295,584.62341,0,1401.7063,5,1,1,7,1682.5433,584.62341,204.95999,2472.1267,6,1,1,8,1997.3602,584.62341,204.95999,2786.9436,6,1,1,8,1997.3602,584.62341,204.95999,2786.9436,0,0,0,0,0,0,6,2089.3721,7,2472.1265,8,2786.9434,0,0,0,0,0,0,4,1299.7886,5,1682.5432,6,1997.3601,0,0,0,0,0,0,1,584.62341,1,584.62341,1,584.62341,0,0,0,0,0,0,1,204.96001,1,204.96001,1,204.96001,8,2786.9434,6,1997.3601,1,584.62341,1,204.96001
296,441,1,.27247956,8.7799997,.0090702949,.13287289,.21428572,.42292491,.3018868,1,0,0,0,0,0,0,0,0,1,0,1,2,482.70569,0,204.95999,687.66565,4,2,1,7,1518.2131,976.95679,204.95999,2700.1299,4,2,2,8,1518.2131,976.95679,519.71936,3014.8892,4,2,5,11,1518.2131,976.95679,1919.5248,4414.6948,4,2,5,11,1518.2131,976.95679,1919.5248,4414.6948,0,0,4,4,0,0,1714.5648,1714.5649,0,0,2,687.66571,7,2700.1296,9,3624.7344,13,5139.2134,18,6811.8184,0,0,1,482.70569,4,1518.213,4,1518.213,5,1917.588,7,2586.5503,0,0,0,0,2,976.95673,2,976.95673,2,976.95673,5,1980.5989,0,0,1,204.96001,1,204.96001,3,1129.5648,6,2244.6687,6,2244.6687,11,4111.6885,3,1068.3373,3,1003.6422,5,2039.7087
297,489,6,.41836736,18.070999,.0061349692,-.25511828,.40944883,.52459013,.45945945,1,0,0,0,0,0,0,0,0,0,0,1,1,0,0,338.96512,338.96512,0,0,1,1,0,0,338.96512,338.96512,1,1,2,4,136.56757,267.70932,659.19806,1063.475,2,3,3,8,671.95044,857.95911,867.96796,2397.8774,2,5,3,10,671.95044,1385.572,867.96796,2925.4905,2,5,2,9,671.95044,1385.572,529.00281,2586.5254,0,0,1,338.96509,1,338.96509,4,1063.475,8,2397.8774,10,2925.49,0,0,0,0,0,0,1,136.5676,2,671.95044,2,671.95044,0,0,0,0,0,0,1,267.70929,3,857.95905,5,1385.5718,0,0,1,338.96509,1,338.96509,2,659.19812,3,867.96802,3,867.96802,9,2586.5249,2,671.95044,5,1385.5718,2,529.00293
